prediction,Avg_Frequency,Avg_Total_Spend
1,502.9807692307692,253541.74076923076
2,474.89285714285717,234220.1375
0,527.4,270782.764
