Country,Total_Revenue
France,2545739.189999998
Canada,2544335.1200000006
USA,2541220.219999997
Mexico,2534475.6700000037
Australia,2514911.650000008
Brazil,2507287.5400000005
India,2503542.709999989
Germany,2502442.199999994
Japan,2492312.1999999983
UK,2471723.150000001
