Product_Category,Total_Revenue
Sports,3195335.8999999925
Toys,3185652.36000001
Books,3181897.2999999947
Clothing,3171225.9600000037
Electronics,3133965.03999998
Grocery,3123579.5200000014
Home & Kitchen,3108945.7799999956
Beauty,3057387.789999989
